price_return,ma7,ma21,lagged_return,ticker,business_date,actual_price,rf_predicted_price,xgb_predicted_price,lr_predicted_price,best_model,expected_return
0.062368156481776627,18.245073046003068,16.529392378670828,0.006703706901313167,SOXL,2020-01-02,19.020130157470703,18.079086170196533,18.307693,18.946797857054666,lr,-0.0038555099154899413
-0.05401419932118112,18.22013201032366,16.760134106590634,0.062368156481776627,SOXL,2020-01-03,17.992773056030273,17.960491065979003,17.1568,18.49967817833139,lr,0.02817270693753498
-0.03171753117514953,18.094399315970286,16.93429084051223,-0.05401419932118112,SOXL,2020-01-06,17.422086715698242,17.873298873901366,17.209778,17.956740694651188,lr,0.030688285948616806
0.05156493881067292,18.087140219552175,17.14335564204625,-0.03171753117514953,SOXL,2020-01-07,18.32045555114746,17.880126781463623,17.843454,18.42175918592809,lr,0.0055295368883053145
0.0022047444117481163,18.114873341151647,17.32350898924328,0.05156493881067292,SOXL,2020-01-08,18.36084747314453,18.03916778564453,18.124197,18.502739855405217,lr,0.007727986546820585
0.0172791992663488,18.242560250418528,17.530484199523926,0.0022047444117481163,SOXL,2020-01-09,18.67810821533203,18.04709753036499,18.095736,18.492105688506282,lr,-0.009958317227922913
-0.020438473198629015,18.29867962428502,17.711688268752326,0.0172791992663488,SOXL,2020-01-10,18.296356201171875,18.029168167114257,18.177473,18.390927472616617,lr,0.005168858236302
0.03920204825406359,18.29774829319545,17.881802059355238,-0.020438473198629015,SOXL,2020-01-13,19.01361083984375,17.880126781463623,17.794188,18.50797108429509,lr,-0.02659356814482986
0.006441721853241766,18.461079461233957,17.998092923845565,0.03920204825406359,SOXL,2020-01-14,19.136091232299805,18.04579927444458,18.16104,18.754462623892028,lr,-0.019942871497373813
-0.03605246499414971,18.6073796408517,18.094608942667644,0.006441721853241766,SOXL,2020-01-15,18.44618797302246,18.00355640411377,17.116728,18.561229153325804,lr,0.0062365828902747385
0.05011469721950368,18.757402147565568,18.212956473940896,-0.03605246499414971,SOXL,2020-01-16,19.37061309814453,17.880126781463623,17.308783,18.986838048229625,lr,-0.019812230411626306
0.019405501103805012,18.95535387311663,18.33863621666318,0.05011469721950368,SOXL,2020-01-17,19.746509552001953,18.042593059539794,18.064098,19.39079801168573,lr,-0.018013894525483794
-0.0018476057529235312,19.1027706691197,18.46375647045317,0.019405501103805012,SOXL,2020-01-21,19.710025787353516,18.05478889465332,17.998806,19.31005420354384,lr,-0.02029279860538333
0.023863793615664486,19.371917179652623,18.592153730846587,-0.0018476057529235312,SOXL,2020-01-22,20.180381774902344,17.94028018951416,18.113722,19.653612603501067,lr,-0.02610303299892978
0.022823669427386672,19.60439736502511,18.715739568074543,0.023863793615664486,SOXL,2020-01-23,20.640972137451172,18.04754442214966,18.197107,20.006983890355936,lr,-0.030715038171333083
-0.03380255842504776,19.71970639910017,18.80030595688593,0.022823669427386672,SOXL,2020-01-24,19.943254470825195,17.977329082489014,16.988482,19.834780782191842,lr,-0.005439116709463755
-0.11599655279562215,19.6030946459089,18.768291200910294,-0.03380255842504776,SOXL,2020-01-27,17.629905700683594,17.832035255432128,16.28678,19.05161622375617,lr,0.08064198114329392
0.07157626384430937,19.53469112941197,18.79307783217657,-0.11599655279562215,SOXL,2020-01-28,18.891788482666016,17.880126781463623,17.274944,19.591538596132636,lr,0.03703990832359096
-0.055139772500797046,19.263775416782924,18.778000877017067,0.07157626384430937,SOXL,2020-01-29,17.850099563598633,17.960491065979003,17.126638,19.378421735838774,lr,0.08561981219179414
-0.0037225681253582055,18.988579068865096,18.77796999613444,-0.055139772500797046,SOXL,2020-01-30,17.78365135192871,17.89907783508301,17.34216,18.798073226084167,lr,0.057042384270845355
-0.10759012865524675,18.37285396030971,18.681150254749117,-0.0037225681253582055,SOXL,2020-01-31,15.870306015014648,17.829395446777344,16.87776,17.75309201480163,lr,0.11863577161056049
0.03817556186679072,17.777881349836075,18.560009002685547,-0.10759012865524675,SOXL,2020-02-03,16.476163864135742,17.942989044189453,17.255445,17.38734456147793,lr,0.0553029640185595
0.0932743939603542,17.502126148768834,18.560970669700986,0.03817556186679072,SOXL,2020-02-04,18.012968063354492,18.120043334960936,18.365576,17.926202613907847,lr,-0.0048168324698893055
0.06546093952096266,17.725298745291575,18.645257677350724,0.0932743939603542,SOXL,2020-02-05,19.192113876342773,18.122581596374513,18.027908,18.258154402284376,lr,-0.0486637105258971
0.000645087875955408,17.76997103009905,18.68735476902553,0.06546093952096266,SOXL,2020-02-06,19.20449447631836,18.12888162612915,18.169935,17.85943925295196,lr,-0.07003856441131662
-0.07055885941820017,17.76987784249442,18.663002377464657,0.000645087875955408,SOXL,2020-02-07,17.84944725036621,17.967252197265626,16.926846,17.238084303556377,lr,-0.0342510856630191
0.04529350623316253,17.894772120884486,18.66204061962309,-0.07055885941820017,SOXL,2020-02-10,18.65791130065918,17.932201023101808,17.208921,17.69343647954903,lr,-0.05169253972581986
0.06002135120212704,18.45298331124442,18.73258481706892,0.04529350623316253,SOXL,2020-02-11,19.77778434753418,18.03855480194092,18.19657,18.894579152710232,lr,-0.04465642760100487
0.043940861710894286,19.04879379272461,18.8103575025286,0.06002135120212704,SOXL,2020-02-12,20.64683723449707,18.03466962814331,18.287783,19.57322293144444,lr,-0.05199897160320599
0.0022084291118367183,19.43157468523298,18.88446907770066,0.043940861710894286,SOXL,2020-02-13,20.692434310913086,18.04579927444458,18.170929,19.740472702590495,lr,-0.04600529807266473
-0.006422648782652862,19.626920427594865,18.985104606265114,0.0022084291118367183,SOXL,2020-02-14,20.559534072875977,18.031041469573974,18.06852,19.74239168326615,lr,-0.03974518034860901
-0.041540972233625406,19.69848850795201,19.001050222487677,-0.006422648782652862,SOXL,2020-02-18,19.70547103881836,17.85460849761963,16.895037,19.61078262849354,lr,-0.004805183805974064
0.0776911653878074,20.182340621948242,19.071997960408527,-0.041540972233625406,SOXL,2020-02-19,21.236412048339844,17.880126781463623,17.3074,20.64674548452702,lr,-0.027766769757084295
-0.044696171976350674,20.415099825177872,19.099483671642485,0.0776911653878074,SOXL,2020-02-20,20.2872257232666,17.960491065979003,17.2531,20.77718110464351,lr,0.02415093064277383
-0.08978494406304272,20.227664675031388,19.017833982195175,-0.044696171976350674,SOXL,2020-02-21,18.46573829650879,17.832035255432128,16.344143,19.84285193924548,lr,0.07457669011788469
-0.1426708423863784,19.539718764168875,18.788797968909854,-0.08978494406304272,SOXL,2020-02-24,15.831215858459473,17.832035255432128,16.17351,18.608480837598467,lr,0.17542967034050969
-0.09184798791679616,18.63753536769322,18.523745400565012,-0.1426708423863784,SOXL,2020-02-25,14.377150535583496,17.832035255432128,16.256672,17.622521682348875,lr,0.22573117939699347
0.008382521747984484,17.771554401942662,18.3745911916097,-0.09184798791679616,SOXL,2020-02-26,14.49766731262207,17.980062255859377,17.514778,17.32852564296068,lr,0.1952630219258782
-0.14114309087294707,16.73526164463588,18.067907060895646,0.008382521747984484,SOXL,2020-02-27,12.451421737670898,17.829972038269045,16.078907,15.78359397156365,lr,0.2676137957653061
0.07256832009039038,15.609345708574567,17.853854724339076,-0.14114309087294707,SOXL,2020-02-28,13.355000495910645,17.508812942504882,16.617992,14.960639946260567,lr,0.1202275844798041
0.0990245957988487,14.807952608381,17.705941518147785,0.07256832009039038,SOXL,2020-03-02,14.677474021911621,16.912344551086427,16.526405,15.025085929578715,lr,0.023683360443912435
-0.10124273843378295,14.054488045828682,17.578378677368164,0.0990245957988487,SOXL,2020-03-03,13.191486358642578,16.293781652450562,13.987368,13.226564383511747,lr,0.0026591412002777543
0.14637764602152248,13.953232220241002,17.513914925711497,-0.10124273843378295,SOXL,2020-03-04,15.122425079345703,16.482430191040038,13.709954,13.5749840293627,lr,-0.10232757258599401
-0.08969136177736381,13.865935598100934,17.31168188367571,0.14637764602152248,SOXL,2020-03-05,13.766074180603027,16.291536445617677,14.076954,13.30412412196831,lr,-0.033557138554841104
-0.06010124854734489,13.643228258405413,17.013901029314315,-0.08969136177736381,SOXL,2020-03-06,12.938715934753418,15.950596008300781,13.0834055,12.293679826407114,lr,-0.0498531779814205
-0.2533607641414123,13.244532721383232,16.55942762465704,-0.06010124854734489,SOXL,2020-03-09,9.660552978515625,15.902775287628174,10.647518,11.03692024070249,lr,0.14247292730010447
0.19090953603932315,12.980224745614189,16.257303692045667,-0.2533607641414123,SOXL,2020-03-10,11.504844665527344,16.044459686279296,12.419656,12.271463480174848,lr,0.06663443418272046
-0.16964880769621005,12.248165811811175,15.823739415123349,0.19090953603932315,SOXL,2020-03-11,9.553061485290527,13.199969739913941,10.897255,11.429408912194567,lr,0.19641320531571735
-0.3041463252229111,11.313315323420934,15.198489348093668,-0.16964880769621005,SOXL,2020-03-12,6.647532939910889,11.962241086959839,8.244249,8.285696375476736,lr,0.24643178911239916
0.27322630188452135,10.362085138048444,14.618345374152774,-0.3041463252229111,SOXL,2020-03-13,8.463813781738281,9.979857378005981,9.464766,9.668106711756092,lr,0.14228726683663823
-0.38592980559218804,9.137985365731376,13.880485443841843,0.27322630188452135,SOXL,2020-03-16,5.197375774383545,8.842181162834168,7.8638053,7.306035599156905,lr,0.4057162530303028
0.09939826712455146,8.105881077902657,13.17355457941691,-0.38592980559218804,SOXL,2020-03-17,5.713985919952393,8.145532989501953,7.471196,6.025536547327545,lr,0.05452422034980234
-0.25892137900577794,7.330732481820243,12.436842282613119,0.09939826712455146,SOXL,2020-03-18,4.234512805938721,6.8635064268112185,6.0822897,5.3704319828612395,lr,0.2682526252676439
0.07584621307760653,6.337995324816022,11.642521926334926,-0.25892137900577794,SOXL,2020-03-19,4.555684566497803,6.33872362613678,5.794979,4.600725332126122,lr,0.009886717346399685
-0.08551425204389007,5.568430628095355,10.874849682762509,0.07584621307760653,SOXL,2020-03-20,4.16610860824585,5.180845613479614,5.1889434,4.357598539434662,lr,0.04596373959377871
0.09304159809306745,5.2693159239632745,10.21237309773763,-0.08551425204389007,SOXL,2020-03-23,4.553730010986328,5.471538438796997,4.951222,4.3930092919949315,lr,-0.0352943012878765
0.3425759780453419,4.933589458465576,9.749635605585008,0.09304159809306745,SOXL,2020-03-24,6.1137285232543945,5.1923521900177,5.4463067,6.080736915180581,lr,-0.005396315513246207
-0.039150661806673814,5.030303205762591,9.344741389864968,0.3425759780453419,SOXL,2020-03-25,5.8743720054626465,4.7765961313247685,4.909223,5.335092220851556,lr,-0.09180211673853952
0.19995542009136602,5.2210172925676614,8.990042209625244,-0.039150661806673814,SOXL,2020-03-26,7.048984527587891,5.374948854446411,5.0586905,5.316815211761615,lr,-0.24573317036617337
-0.15396002324865288,5.4680472782679965,8.68110416049049,0.19995542009136602,SOXL,2020-03-27,5.9637227058410645,5.0925839900970455,5.2098246,4.832764780327445,lr,-0.18963958944736348
0.10761165516482074,5.760876451219831,8.359698840550013,-0.15396002324865288,SOXL,2020-03-30,6.6054887771606445,5.6958159065246585,5.81569,5.157965891383034,lr,-0.21913940581999222
-0.06457355576676171,6.04842506136213,7.955007167089553,0.10761165516482074,SOXL,2020-03-31,6.178948879241943,6.453356022834778,6.2172394,5.7624650245439595,lr,-0.06740367380237651
-0.1618111936114559,6.137767314910889,7.573466187431698,-0.06457355576676171,SOXL,2020-04-01,5.179125785827637,5.8315784358978275,5.5489473,4.754027180770417,lr,-0.08207922005302057
0.09155041875763148,6.07198851449149,7.122554370335171,-0.1618111936114559,SOXL,2020-04-02,5.6532769203186035,6.471867327690124,6.061585,5.669219177774324,lr,0.0028200029258114213
-0.05941430598287878,5.992419855935233,6.720236142476399,0.09155041875763148,SOXL,2020-04-03,5.317391395568848,6.44392942905426,6.430987,5.90673017755245,lr,0.11083231196310223
0.30675841138198345,5.9780714852469305,6.4349899519057505,-0.05941430598287878,SOXL,2020-04-06,6.948545932769775,6.52205502986908,6.3592916,7.210165260404618,lr,0.03765094599159651
-0.012577410468470829,6.10627555847168,6.30168510618664,0.30675841138198345,SOXL,2020-04-07,6.861151218414307,6.473247961997986,6.43198,7.237931784377407,lr,0.05491506512083244
0.10019016772469458,6.241001605987549,6.113291127341134,-0.012577410468470829,SOXL,2020-04-08,7.5485711097717285,6.4313233280181885,6.5743012,6.72448005797554,lr,-0.10917179421273407
-0.06557802561018122,6.365944726126535,5.994266805194673,0.10019016772469458,SOXL,2020-04-09,7.053550720214844,6.532441644668579,6.6340876,6.506804407355939,lr,-0.07751362888650944
0.036061028227529324,6.670056615556989,6.025713284810384,-0.06557802561018122,SOXL,2020-04-13,7.30790901184082,6.815731468200684,6.858414,6.7164114492681355,lr,-0.08093937152396072
0.13279780051881152,7.045071806226458,6.016883259727841,0.036061028227529324,SOXL,2020-04-14,8.278383255004883,7.630030040740967,7.725873,8.07518405377089,lr,-0.024545759114395202
-0.08114709566737643,7.37210396357945,6.131609008425758,0.13279780051881152,SOXL,2020-04-15,7.606616497039795,7.356010432243347,7.2798996,7.742162875846337,lr,0.017819536302282595
0.0735656974877057,7.546054908207485,6.248381228674026,-0.08114709566737643,SOXL,2020-04-16,8.166202545166016,7.713052611351014,7.809974,7.854588541516196,lr,-0.03815898539453685
0.02595644177826073,7.7627716064453125,6.445698147728329,0.0735656974877057,SOXL,2020-04-17,8.378168106079102,8.333430190086364,8.400341,8.457202711829567,lr,0.009433399372008107
-0.06453358885555227,7.804046426500593,6.601974827902658,0.02595644177826073,SOXL,2020-04-20,7.837494850158691,8.016876230239868,7.7522254,7.819928900172672,lr,-0.002241271008383928
-0.140467466816675,7.758765152522495,6.724378313337054,-0.06453358885555227,SOXL,2020-04-21,6.736581802368164,7.7071902513504025,6.823798,6.986489948262102,lr,0.03709717379310767
0.16748952195540712,7.838333674839565,6.882052535102481,-0.140467466816675,SOXL,2020-04-22,7.864888668060303,8.025814971923829,7.933625,8.318675974898245,lr,0.05769786782625345
-0.025375371342572395,7.75075238091605,6.955937567211333,0.16748952195540712,SOXL,2020-04-23,7.665314197540283,8.069173111915589,7.9716754,8.456374822700862,lr,0.10320002608822246
0.06364342527608602,7.828830174037388,7.064451331184024,-0.025375371342572395,SOXL,2020-04-24,8.15316104888916,8.15285340309143,8.303562,8.204237760037095,lr,0.006264651322555974
0.04039671974331194,7.874018669128418,7.132715020860944,0.06364342527608602,SOXL,2020-04-27,8.482522010803223,8.273066034317017,8.532482,8.485658673156923,lr,0.00036977945352874406
-0.015608176180318623,7.870012555803571,7.246353240240188,0.04039671974331194,SOXL,2020-04-28,8.350125312805176,8.183549361228943,8.21358,8.077383138596677,lr,-0.03266324324381583
0.14348220213457652,8.114401817321777,7.386483283269973,-0.015608176180318623,SOXL,2020-04-29,9.548219680786133,8.54992609500885,8.521632,8.930571706781958,lr,-0.06468723957483581
-0.10512329462724557,8.37267289842878,7.499127592359271,0.14348220213457652,SOXL,2020-04-30,8.544479370117188,8.147947206497193,8.142617,8.58991959867484,lr,0.005318080434083703
-0.15197293699137993,8.28425305230277,7.597547780899775,-0.10512329462724557,SOXL,2020-05-01,7.245949745178223,7.7237389087677,7.2507534,7.2191571802040935,lr,-0.003697591884619149
0.028082784137624772,8.253413336617607,7.683079174586704,-0.15197293699137993,SOXL,2020-05-04,7.449436187744141,8.100064496994019,7.7699327,7.896378563433215,lr,0.059996805721268795
0.050691562223957654,8.206827436174665,7.802587191263835,0.028082784137624772,SOXL,2020-05-05,7.827059745788574,8.642071838378905,8.822119,8.659442960448871,lr,0.10634685842383772
0.03466391430911164,8.15194947378976,7.857341017041888,0.050691562223957654,SOXL,2020-05-06,8.098376274108887,8.588880033493043,8.473259,8.59168603480154,lr,0.060914650541714375
0.029314642907485755,8.149899755205427,7.927561305818104,0.03466391430911164,SOXL,2020-05-07,8.335777282714844,8.580851755142213,8.4537,8.482851514171081,lr,0.017643733327809982
0.08739509988678251,8.080765996660505,7.9997380801609586,0.029314642907485755,SOXL,2020-05-08,9.06428337097168,8.666514868736266,8.669596,8.660487838742458,lr,-0.04454798197531802
-0.0027340474444452756,8.151483399527413,8.094307150159564,0.08739509988678251,SOXL,2020-05-11,9.039501190185547,8.610367546081543,8.447113,8.500151567713292,lr,-0.059665861105017884
-0.0847759859996261,8.298228945050921,8.140271890731086,-0.0027340474444452756,SOXL,2020-05-12,8.273168563842773,7.973557167053222,7.82688,7.883544511905947,lr,-0.04709490069374965
-0.0538434608877002,8.352268423352923,8.118811380295526,-0.0847759859996261,SOXL,2020-05-13,7.827712535858154,7.751799411773682,7.6008644,7.779585209562408,lr,-0.006148325717797939
0.07990343266526367,8.44171326501029,8.159123625074114,-0.0538434608877002,SOXL,2020-05-14,8.453173637390137,8.382546157836915,8.821584,8.688229498927935,lr,0.02780681808050147
-0.06264946335063026,8.416743346623011,8.14757049651373,0.07990343266526367,SOXL,2020-05-15,7.923586845397949,8.209750723838805,8.449493,8.471877271525159,lr,0.06919725079376886
0.13992903397647916,8.51625040599278,8.178720905667259,-0.06264946335063026,SOXL,2020-05-18,9.032326698303223,8.47403453350067,8.786305,9.045425210076665,lr,0.001450181355364748
-0.011986488131608186,8.496218613215856,8.230462142399379,0.13992903397647916,SOXL,2020-05-19,8.924060821533203,8.77699275970459,8.853066,9.05248636580491,lr,0.014390931083954962
0.11371804774665528,8.624702385493688,8.382952894483294,-0.011986488131608186,SOXL,2020-05-20,9.938887596130371,9.071529436111451,9.241795,9.20526137169183,lr,-0.07381371580499343
-0.07769535024058982,8.752347196851458,8.44494306473505,0.11371804774665528,SOXL,2020-05-21,9.166682243347168,8.62509817123413,8.684434,8.875264946600193,lr,-0.031790923805444904
0.014513996776724936,8.962635040283203,8.522772266751243,-0.07769535024058982,SOXL,2020-05-22,9.299727439880371,8.624540543556213,8.802862,8.810663511495612,lr,-0.05258906043713581
0.030998297590179025,9.124753543308803,8.591098081497918,0.014513996776724936,SOXL,2020-05-26,9.588003158569336,9.701612854003907,9.743249,9.44893788049431,lr,-0.014504091808807565
0.04271789133407933,9.421038627624512,8.663243816012429,0.030998297590179025,SOXL,2020-05-27,9.99758243560791,10.151126651763915,10.257845,9.917506020784046,lr,-0.008009577849406858
-0.0656268467003236,9.465202331542969,8.710450830913725,0.04271789133407933,SOXL,2020-05-28,9.341472625732422,9.601512050628662,9.7153845,9.454260108595445,lr,0.012073843962496241
0.07596145639659402,9.626202855791364,8.734395821889242,-0.0656268467003236,SOXL,2020-05-29,10.051064491271973,9.749691486358643,10.21566,9.929561562813056,lr,-0.012088563212824446
-0.012393511716379813,9.624432700020927,8.800206161680675,0.07596145639659402,SOXL,2020-06-01,9.926496505737305,10.05032467842102,10.2235985,10.034380806117714,lr,0.010868315958007342
0.06438872303382004,9.82428537096296,8.958287170955114,-0.012393511716379813,SOXL,2020-06-02,10.565650939941406,10.189393968582154,10.281801,10.278561481558768,lr,-0.027171961293681594
0.08765446496074336,10.137435368129186,9.150779610588437,0.06438872303382004,SOXL,2020-06-03,11.491777420043945,10.835572872161865,11.234409,11.045800980202579,lr,-0.038808308196388766
0.026333605587783415,10.452634538922991,9.339700449080695,0.08765446496074336,SOXL,2020-06-04,11.794397354125977,10.984288234710693,11.3992605,11.167265676756433,lr,-0.05317199841076725
0.07282676071666927,10.832029206412178,9.556603726886568,0.026333605587783415,SOXL,2020-06-05,12.653345108032227,11.35470458984375,11.843702,11.569954763903102,lr,-0.08562086427575571
-0.006081929189898694,11.29416002546038,9.758537587665376,0.07282676071666927,SOXL,2020-06-08,12.576388359069824,11.94119104385376,12.34078,11.869543488036015,lr,-0.05620412242788665
0.001711040297182942,11.657994679042272,9.926805382683163,-0.006081929189898694,SOXL,2020-06-09,12.597907066345215,12.068209104537964,12.13897,11.994318546081743,lr,-0.047911809246151155
0.009215311317006147,12.056209564208984,10.101781549907866,0.001711040297182942,SOXL,2020-06-10,12.714000701904297,12.28540385246277,12.434726,12.508047530925385,lr,-0.01619892713613461
-0.19082808990011402,12.016518320356097,10.197716962723504,0.009215311317006147,SOXL,2020-06-11,10.287812232971191,10.366808404922486,9.610675,11.447906567522839,lr,0.11276394905747657
0.04146074647327347,11.905457632882255,10.335176013764881,-0.19082808990011402,SOXL,2020-06-12,10.71435260772705,11.978994960784911,11.112802,11.666091519805743,lr,0.08882841053712481
0.043888580967035296,11.818342345101494,10.465243475777763,0.04146074647327347,SOXL,2020-06-15,11.184590339660645,12.70378046989441,12.839693,12.486107602360576,lr,0.11636700345516825
0.05300594062377617,11.693213054112025,10.648760296049572,0.043888580967035296,SOXL,2020-06-16,11.777440071105957,12.333861846923828,12.427645,12.35476246500043,lr,0.04901934464611204
0.027688478462478905,11.625663212367467,10.795008523123604,0.05300594062377617,SOXL,2020-06-17,12.10353946685791,12.005805473327637,12.15741,12.151168934855153,lr,0.003935168561862671
-0.0046338957604711295,11.547026906694684,10.94374148050944,0.027688478462478905,SOXL,2020-06-18,12.047452926635742,11.550447664260865,11.5352125,11.758726591821944,lr,-0.02396575745695198
-0.020138893836378235,11.417145456586566,11.032595906938825,-0.0046338957604711295,SOXL,2020-06-19,11.804830551147461,11.319609365463258,11.241646,11.37445028424473,lr,-0.036457979217744595
0.026740506865988056,11.678957666669573,11.17325378599621,-0.020138893836378235,SOXL,2020-06-22,12.120497703552246,11.754807462692261,11.82891,11.83820593707231,lr,-0.0232904434606842
0.008743071883869247,11.894974163600377,11.31262238820394,0.026740506865988056,SOXL,2020-06-23,12.226468086242676,12.068027782440186,12.137221,12.1673749466778,lr,-0.004833214232274326
-0.06719308887933984,11.926451819283622,11.399142901102701,0.008743071883869247,SOXL,2020-06-24,11.40493392944336,11.188540878295898,11.245823,11.726566625772335,lr,0.028201188916898344
0.02460243131916373,11.913320813860212,11.479521024794806,-0.06719308887933984,SOXL,2020-06-25,11.68552303314209,11.696480770111084,11.751796,11.857125757388111,lr,0.014685070044304178
-0.05986170586703399,11.753673417227608,11.557832218351818,0.02460243131916373,SOXL,2020-06-26,10.986007690429688,11.170484638214111,11.303355,11.588048981613525,lr,0.05480073454784652
0.03439058639210302,11.656011990138463,11.620344525291806,-0.05986170586703399,SOXL,2020-06-29,11.363822937011719,11.377425546646117,11.0303755,11.598585654576969,lr,0.020658779960450884
0.08073510939059902,11.724076543535505,11.732477188110352,0.03439058639210302,SOXL,2020-06-30,12.281282424926758,12.240199918746947,12.574793,12.275774710163148,lr,-0.00044846414022944593
-0.041815028555214684,11.673682621547155,11.78971953619094,0.08073510939059902,SOXL,2020-07-01,11.767740249633789,11.762667818069458,11.536264,11.763958441531372,lr,-0.0003213708003569085
0.03720741010278483,11.670699664524623,11.823710487002419,-0.041815028555214684,SOXL,2020-07-02,12.205587387084961,11.584773473739624,10.680654,11.662402046538947,lr,-0.044503006968822485
0.08019253214794309,11.924906866891044,11.88990034375872,0.03720741010278483,SOXL,2020-07-06,13.1843843460083,12.862847423553466,12.766675,12.49421054792089,lr,-0.05234782148143062
-0.03697109020299638,12.069395474025182,11.891976447332473,0.08019253214794309,SOXL,2020-07-07,12.696943283081055,12.461332159042358,12.847124,12.242114111650881,lr,-0.03582194243840112
0.041371338267094604,12.388856206621442,11.922730945405506,-0.03697109020299638,SOXL,2020-07-08,13.222232818603516,12.666553602218627,11.863982,12.547607030244915,lr,-0.05102207755783958
0.03977672210122596,12.729477201189313,11.977505366007486,0.041371338267094604,SOXL,2020-07-09,13.748169898986816,13.577271947860718,13.741057,13.254957049666224,lr,-0.035874800278467615
-0.009967188542786554,12.91945675441197,12.020226251511346,0.03977672210122596,SOXL,2020-07-10,13.611139297485352,13.966600255966187,13.299133,13.214071656413026,lr,-0.02917225607599826
-0.0499064832794458,13.085758890424456,12.146133059547061,-0.009967188542786554,SOXL,2020-07-13,12.931855201721191,14.20133002281189,12.857754,12.983386501258892,lr,0.003984834251070297
0.05298209819990851,13.287390981401716,12.284354936508905,-0.0499064832794458,SOXL,2020-07-14,13.617012023925781,13.863693895339965,12.802083,13.562945787479165,lr,-0.003970491936969628
-0.01001521731456978,13.329712459019252,12.393690381731306,0.05298209819990851,SOXL,2020-07-15,13.480634689331055,14.60652198791504,13.447357,13.685317693176735,lr,0.015183484202540712
-0.012198250217360984,13.418176923479352,12.466964403788248,-0.01001521731456978,SOXL,2020-07-16,13.316194534301758,14.674574508666993,12.931596,13.511175425082964,lr,0.014642388279845764
0.018523184274601423,13.466836929321289,12.536455517723446,-0.012198250217360984,SOXL,2020-07-17,13.56285285949707,14.74142258644104,14.5178995,13.703985991719236,lr,0.010405858832519918
0.061630825383382826,13.559775897434779,12.648421696254186,0.018523184274601423,SOXL,2020-07-20,14.39874267578125,14.782318210601806,14.758678,14.137828031146043,lr,-0.01812065473425445
-0.02116368228850951,13.628757749285016,12.757430349077497,0.061630825383382826,SOXL,2020-07-21,14.094012260437012,14.47605869293213,14.786026,13.949481589100891,lr,-0.010254757031951034
0.011991290404673727,13.818923813956124,12.859455108642578,-0.02116368228850951,SOXL,2020-07-22,14.263017654418945,14.478335409164428,14.313137,13.992673343506755,lr,-0.01895421554276996
-0.046573322640533266,13.816313743591309,12.92480146317255,0.011991290404673727,SOXL,2020-07-23,13.59874153137207,14.394098615646362,14.209202,13.810720016901854,lr,0.01558809578377182
-0.047648715779735284,13.740620068141393,12.998413131350564,-0.046573322640533266,SOXL,2020-07-24,12.95077896118164,13.57580514907837,13.460119,13.462504867652722,lr,0.03951313724100432
0.09472472355417683,13.863669122968401,13.117080506824312,-0.047648715779735284,SOXL,2020-07-27,14.17753791809082,14.551464462280274,13.932172,14.310484092650125,lr,0.009377239921866997
-0.059143255322500865,13.831694739205497,13.229129291716076,0.09472472355417683,SOXL,2020-07-28,13.339032173156738,14.43542989730835,14.462046,14.037642128733058,lr,0.05237336161331041
0.06476876474271909,13.803729329790388,13.364327476138161,-0.059143255322500865,SOXL,2020-07-29,14.202984809875488,13.97926731109619,13.904334,13.988554559967987,lr,-0.015097548351836958
0.05853154679183237,13.938057218279157,13.495423907325382,0.06476876474271909,SOXL,2020-07-30,15.034307479858398,14.72842667579651,14.949547,14.59256375223006,lr,-0.02938237948240362
-0.016883635717309664,14.011979511805944,13.638887405395508,0.05853154679183237,SOXL,2020-07-31,14.780473709106445,14.544534282684326,14.641115,14.241499229806283,lr,-0.03646530482768577
0.05951182214995687,14.306457383292061,13.803387369428362,-0.016883635717309664,SOXL,2020-08-03,15.660086631774902,14.916081085205079,14.864119,14.648591076901589,lr,-0.06459067428279427
0.042959988955465045,14.789609500340053,13.953314009166899,0.05951182214995687,SOXL,2020-08-04,16.332843780517578,14.82700122833252,15.464402,15.423837575813135,lr,-0.0556551092338702
-0.0019576990333189936,15.09294251033238,14.124929518926711,0.042959988955465045,SOXL,2020-08-05,16.30086898803711,15.190028762817382,14.924028,15.45750679910643,lr,-0.05173725336665223
-0.003642490653904873,15.507579803466797,14.26870382399786,-0.0019576990333189936,SOXL,2020-08-06,16.241493225097656,15.455794467926026,15.352915,15.737288174657454,lr,-0.03104425458005696
-0.03398966791227942,15.719932011195592,14.361145746140252,-0.003642490653904873,SOXL,2020-08-07,15.68945026397705,15.254726514816284,16.144413,15.812109634739603,lr,0.007817952107868148
0.0006239521903699252,15.814922332763672,14.460579100109282,-0.03398966791227942,SOXL,2020-08-10,15.699239730834961,14.960660266876221,16.39416,15.96070002657374,lr,0.016654328503898395
-0.033126965226135674,15.871879168919154,14.567594164893741,0.0006239521903699252,SOXL,2020-08-11,15.179171562194824,15.97139853477478,16.79653,15.974821542614588,lr,0.05241722034431749
0.10072211159289579,16.0215881892613,14.71478643871489,-0.033126965226135674,SOXL,2020-08-12,16.708049774169922,16.957637701034546,16.756727,16.673446209714985,lr,-0.002071071425010516
-0.03272791823585619,15.997071947370257,14.842433838617234,0.10072211159289579,SOXL,2020-08-13,16.161230087280273,16.8435866355896,17.256285,16.476410185420423,lr,0.01950223444861497
-0.0035123936949458257,15.969014304024833,14.975208645775204,-0.03272791823585619,SOXL,2020-08-14,16.10446548461914,17.25134952545166,16.326414,16.025833443094594,lr,-0.004882623493443184
0.03784409510032605,16.03650447300502,15.125259671892438,-0.0035123936949458257,SOXL,2020-08-17,16.713924407958984,17.44622127532959,17.529676,16.406283981641952,lr,-0.01840623535251467
-0.016514262956027204,16.143426758902415,15.222362699962797,0.03784409510032605,SOXL,2020-08-18,16.43790626525879,17.46893590927124,17.340881,16.40439463767656,lr,-0.0020386798076014647
-0.019412064959759,16.2033657346453,15.318781761896043,-0.016514262956027204,SOXL,2020-08-19,16.118812561035156,17.490700035095216,16.960606,16.22248712859936,lr,0.006431898576376722
-0.026030008638133206,16.277661187308176,15.387173289344425,-0.019412064959759,SOXL,2020-08-20,15.699239730834961,17.50376714706421,17.086336,16.25248972323524,lr,0.035240559535735815
0.022029121156886156,16.18295124598912,15.503665606180826,-0.026030008638133206,SOXL,2020-08-21,16.045080184936523,17.557102890014647,17.156967,16.333974125341246,lr,0.018005141580778317
0.027654693284537846,16.229747227260045,15.672142891656785,0.022029121156886156,SOXL,2020-08-24,16.488801956176758,17.661066818237305,17.56014,16.57917032647271,lr,0.005480590435625896
0.03221316753810721,16.360531943184988,15.807496252514067,0.027654693284537846,SOXL,2020-08-25,17.01995849609375,17.714195747375488,17.839478,16.75521373967277,lr,-0.01555495899016104
0.011271763102687737,16.431657518659318,15.99191393171038,0.03221316753810721,SOXL,2020-08-26,17.211803436279297,17.73149543762207,17.271141,16.714758970423922,lr,-0.028878116560853626
-0.03897321148562349,16.44638579232352,16.10324818747384,0.011271763102687737,SOXL,2020-08-27,16.541004180908203,17.629785041809082,16.198572,16.368279501372125,lr,-0.010442212434444478
0.05664919715183481,16.640560967581614,16.21961634499686,-0.03897321148562349,SOXL,2020-08-28,17.478038787841797,17.6849773979187,16.616846,16.86447289912552,lr,-0.03510496207063519
-0.002800013881119612,16.887683868408203,16.345741408211843,0.05664919715183481,SOXL,2020-08-31,17.429100036621094,17.906663570404053,17.369982,17.21872997545039,lr,-0.012070047261687925
0.05630821106192396,17.225601196289062,16.476713543846493,-0.002800013881119612,SOXL,2020-09-01,18.41050148010254,17.941888847351073,17.58246,17.66100033339679,lr,-0.040710523149833054
0.08970717660520866,17.736066000802175,16.654295058477494,0.05630821106192396,SOXL,2020-09-02,20.062055587768555,18.122581596374513,18.357336,18.64915752226289,lr,-0.07042638573721637
-0.17066178501363571,17.68153326851981,16.670359838576545,0.08970717660520866,SOXL,2020-09-03,16.638229370117188,18.048882656097412,16.982283,17.3834155320903,lr,0.044787587993677484
-0.027727821731965197,17.533688136509486,16.66728337605794,-0.17066178501363571,SOXL,2020-09-04,16.17688751220703,17.93937816619873,17.228214,16.88492715528393,lr,0.0437685953211094
-0.14239021910196348,17.152609961373464,16.5808075041998,-0.027727821731965197,SOXL,2020-09-08,13.873456954956055,17.832920799255373,16.008093,16.434929400533242,lr,0.18463115962327944
0.082686607218595,16.801548140389578,16.548491614205496,-0.14239021910196348,SOXL,2020-09-09,15.02060604095459,17.749464778900148,16.648794,16.706823970592616,lr,0.11226031260259747
-0.04153084075443392,16.368360655648367,16.511235237121582,0.082686607218595,SOXL,2020-09-10,14.396787643432617,17.552889823913574,16.684721,16.467241494392393,lr,0.14381359941113356
-0.00349003446314633,15.787795066833496,16.398782503037225,-0.04153084075443392,SOXL,2020-09-11,14.346542358398438,17.497210998535156,16.234526,15.48379730452963,lr,0.079270315991187
0.06322197582467837,15.100866998944964,16.35556007566906,-0.00349003446314633,SOXL,2020-09-14,15.253559112548828,17.173267936706544,16.199211,15.160737398171886,lr,-0.0060852495927051905
0.0514201242475858,15.015105519975934,16.352390243893577,0.06322197582467837,SOXL,2020-09-15,16.037899017333984,17.137435178756714,16.587637,15.267406103843719,lr,-0.04804201053127384
-0.030108064741324214,14.926268577575684,16.297204744248162,0.0514201242475858,SOXL,2020-09-16,15.555028915405273,16.46696901321411,16.209463,14.706932663625903,lr,-0.05452231920568398
-0.004572539503379103,15.156332288469587,16.251776014055526,-0.030108064741324214,SOXL,2020-09-17,15.483902931213379,17.030564031600953,15.697571,14.794167247723461,lr,-0.04454533760344798
-0.04660955383911447,15.119417871747698,16.187175659906295,-0.004572539503379103,SOXL,2020-09-18,14.762205123901367,17.011946048736572,14.860712,14.651002039763785,lr,-0.0075329588773654105
-0.004818307604985139,15.1614591053554,16.13916787647066,-0.04660955383911447,SOXL,2020-09-21,14.691076278686523,17.027058992385864,15.005716,14.75520660895895,lr,0.004365257456696047
0.03624430450167515,15.286745071411133,16.10004711151123,-0.004818307604985139,SOXL,2020-09-22,15.223544120788574,17.39936942100525,16.143156,15.29287497341966,lr,0.0045541860739518256
-0.07445359885330138,15.120536123003278,15.985823040916806,0.03624430450167515,SOXL,2020-09-23,14.090096473693848,17.050633172988892,14.880608,14.71568325550939,lr,0.04439904176550602
0.029222438577939824,14.901099613734655,15.865912800743466,-0.07445359885330138,SOXL,2020-09-24,14.501843452453613,16.271446733474733,15.283453,14.55879069123672,lr,0.003926896533521134
0.04315143376570929,14.840041024344307,15.766665912809826,0.029222438577939824,SOXL,2020-09-25,15.127618789672852,16.67545422554016,16.444,14.995669897852498,lr,-0.00872238345339792
0.08165468428663458,14.96560628073556,15.758182843526205,0.04315143376570929,SOXL,2020-09-28,16.36285972595215,16.970338344573975,16.594807,15.401768209222446,lr,-0.05873615815488369
0.008334566015891776,15.213753700256348,15.711573237464542,0.08165468428663458,SOXL,2020-09-29,16.499237060546875,17.18718762397766,16.209394,15.490456906628093,lr,-0.061141018231139044
0.001344685164256898,15.475231851850237,15.668350537618002,0.008334566015891776,SOXL,2020-09-30,16.52142333984375,17.585644950866698,15.995486,15.481855880815083,lr,-0.06292239098562431
0.06208808513153574,15.8071836744036,15.627241270882744,0.001344685164256898,SOXL,2020-10-01,17.54720687866211,17.618879652023317,17.692123,16.172195251783588,lr,-0.07836071212852534
-0.08913779553663725,16.077610969543457,15.4330046971639,0.06208808513153574,SOXL,2020-10-02,15.983087539672852,17.452967910766603,16.405287,16.008996519207084,lr,0.0016210246906251365
0.09761578549981431,16.5121032169887,15.476102783566429,-0.08913779553663725,SOXL,2020-10-05,17.543289184570312,17.635450420379637,16.719086,16.867321337920544,lr,-0.03853142016517044
-0.017072570902230688,16.814411980765207,15.5269071942284,0.09761578549981431,SOXL,2020-10-06,17.2437801361084,17.894877548217774,17.759918,17.38901658867452,lr,0.008422541427676625
0.06031917636529971,17.088847841535294,15.736928803580147,-0.017072570902230688,SOXL,2020-10-07,18.283910751342773,17.929910354614258,17.361937,17.609133223237723,lr,-0.03690553609027512
0.03472541045385302,17.43450355529785,15.922558375767299,0.06031917636529971,SOXL,2020-10-08,18.918827056884766,18.141510429382325,18.273916,18.16942642993701,lr,-0.03961136833137033
0.05246078350916239,17.918775013514928,16.18515532357352,0.03472541045385302,SOXL,2020-10-09,19.91132354736328,18.101705207824708,18.27848,18.686381017393753,lr,-0.061519894800350375
0.043422680594080054,18.380020686558314,16.491316477457683,0.05246078350916239,SOXL,2020-10-12,20.77592658996582,18.03466962814331,18.240248,19.20495966858104,lr,-0.07561477051731173
-0.0011934741932779769,19.0611697605678,16.753105617704847,0.043422680594080054,SOXL,2020-10-13,20.751131057739258,18.04579927444458,18.02829,19.70701663426927,lr,-0.050316024729677555
-0.015848330021161705,19.47245134626116,16.961884725661506,-0.0011934741932779769,SOXL,2020-10-14,20.422260284423828,17.942646389007567,18.037205,19.90446183278317,lr,-0.025354610333489184
-0.007892486008876709,19.903493881225586,17.185982295445033,-0.015848330021161705,SOXL,2020-10-15,20.261077880859375,17.877618103027345,17.845142,20.359335713150756,lr,0.004849585637504758
-0.01426726312856319,20.144650595528738,17.399701572599866,-0.007892486008876709,SOXL,2020-10-16,19.972007751464844,17.89604175567627,17.919636,20.605839321833606,lr,0.031735996613674176
-0.016107310379708584,20.249148505074636,17.63246858687628,-0.01426726312856319,SOXL,2020-10-19,19.650312423706055,17.866145629882812,17.789711,20.649275142474906,lr,0.050836989113908784
-0.003187987913134571,20.202911921909877,17.865639595758346,-0.016107310379708584,SOXL,2020-10-20,19.58766746520996,17.905214443206788,17.737864,20.605025069557247,lr,0.0519386806088185
-0.02112072948657384,19.974059786115372,18.053754715692428,-0.003187987913134571,SOXL,2020-10-21,19.173961639404297,17.896235961914062,18.016998,20.25194035385956,lr,0.05622096960076915
0.0035055335503633156,19.75835200718471,18.299044245765323,-0.02112072948657384,SOXL,2020-10-22,19.24117660522461,17.905214443206788,17.948202,19.99609826233122,lr,0.03923469300217454
-0.014650594899760283,19.549355098179408,18.511303220476425,0.0035055335503633156,SOXL,2020-10-23,18.95928192138672,18.050779933929444,18.031294,19.70819118083506,lr,0.03950092954752386
-0.06387878058664054,19.190370559692383,18.636092140561058,-0.014650594899760283,SOXL,2020-10-26,17.748186111450195,17.824882011413575,16.821596,18.925632385410815,lr,0.066341780876469
-0.0103314708901866,18.84648677280971,18.693328403291247,-0.06387878058664054,SOXL,2020-10-27,17.564821243286133,17.8847713470459,17.156408,18.575072785667718,lr,0.0575156176307651
-0.09952427102760608,18.298827171325684,18.660826410566056,-0.0103314708901866,SOXL,2020-10-28,15.816695213317871,17.824882011413575,16.814672,17.682657569603247,lr,0.1179742247744782
0.07962354191348853,17.94002846309117,18.68723846617199,-0.09952427102760608,SOXL,2020-10-29,17.07607650756836,17.921653842926027,17.288778,17.801341605355095,lr,0.04247258423006524
-0.04868352652840202,17.52157006944929,18.625216847374325,0.07962354191348853,SOXL,2020-10-30,16.244752883911133,18.04866086959839,17.268671,17.37796206620495,lr,0.06975847465283101
0.01610791871107531,17.13089084625244,18.65013753800165,-0.04868352652840202,SOXL,2020-11-02,16.50642204284668,17.891397247314455,16.426624,16.71554075857322,lr,0.012668930624923917
0.05949525306966552,16.92077568599156,18.64752737681071,0.01610791871107531,SOXL,2020-11-03,17.488475799560547,18.006044120788573,17.87085,16.946960967524795,lr,-0.030964095341536792
0.10480959860608552,17.145525659833634,18.7464633669172,0.05949525306966552,SOXL,2020-11-04,19.321435928344727,18.033751010894775,18.1037,17.604572118999737,lr,-0.0888579821764869
0.13188098673671877,17.760489191327775,18.917208853222075,0.10480959860608552,SOXL,2020-11-05,21.869565963745117,18.122581596374513,18.194643,18.6317766725656,lr,-0.14805000229757886
0.051439780267681146,18.7858943939209,19.111290023440407,0.13188098673671877,SOXL,2020-11-06,22.994531631469727,18.03466962814331,18.1105,19.52459587886034,lr,-0.15090264973523193
-0.03819627419497584,19.505915778023855,19.21628538767497,0.051439780267681146,SOXL,2020-11-09,22.116226196289062,17.960491065979003,17.01459,19.58634719833753,lr,-0.11439017558863754
-0.08992993006114902,20.060567583356583,19.185399146307084,-0.03819627419497584,SOXL,2020-11-10,20.127315521240234,17.832035255432128,16.308119,19.63330433089297,lr,-0.024544315898756518
0.10896402846337039,20.891145706176758,19.260129519871303,-0.08992993006114902,SOXL,2020-11-11,22.32046890258789,17.880126781463623,17.397184,21.426162259030733,lr,-0.040066660223857124
-0.03870682770321254,21.45800835745675,19.309379713875906,0.10896402846337039,SOXL,2020-11-12,21.456514358520508,17.960491065979003,17.158741,22.14695132324598,lr,0.032178430903959686
0.037102357433863364,21.876746313912527,19.40421417781285,-0.03870682770321254,SOXL,2020-11-13,22.252601623535156,17.880126781463623,17.259506,22.422698315432974,lr,0.007643901363781113
0.07374953414706309,22.165911265781947,19.590962409973145,0.037102357433863364,SOXL,2020-11-16,23.893720626831055,18.03855480194092,18.340555,23.226748461831647,lr,-0.027914119170307956
-0.024360369375704405,22.21121542794364,19.765312331063406,0.07374953414706309,SOXL,2020-11-17,23.311660766601562,18.001754684448244,18.222013,22.892211844740526,lr,-0.01799309478893832
-0.021217516836818495,22.31133243015834,19.91909222375779,-0.024360369375704405,SOXL,2020-11-18,22.817045211791992,17.873298873901366,17.734383,22.60111594542843,lr,-0.009463506968552162
0.04641509531750465,22.846873147147043,20.143003599984304,-0.021217516836818495,SOXL,2020-11-19,23.876100540161133,17.880126781463623,17.738323,23.558991952455752,lr,-0.013281422867690792
-0.016233724475559264,23.01373508998326,20.345257214137487,0.04641509531750465,SOXL,2020-11-20,23.488502502441406,18.00838617324829,18.14199,23.671730457778303,lr,0.0078007508276805426
0.045254873428103304,23.455871854509628,20.611551965985978,-0.016233724475559264,SOXL,2020-11-23,24.551471710205078,17.880126781463623,17.826012,24.211266991472186,lr,-0.013856795337913782
0.01615928537212663,23.840958186558314,20.954410053434827,0.045254873428103304,SOXL,2020-11-24,24.948205947875977,18.052480545043945,18.025593,24.70497563826824,lr,-0.009749410844046824
-0.010697516713436328,23.953472682407924,21.293291046505882,0.01615928537212663,SOXL,2020-11-25,24.68132209777832,18.04147571563721,18.141014,24.51676663207271,lr,-0.0066672062806725964
0.03442263020569891,24.270509447370255,21.75587308974493,-0.010697516713436328,SOXL,2020-11-27,25.53091812133789,17.874165744781493,17.810507,24.92688419682299,lr,-0.023658919026890376
0.03759635200754485,24.795329775129044,22.204192661103747,0.03442263020569891,SOXL,2020-11-30,26.490787506103516,18.03855480194092,18.241924,25.66632063022686,lr,-0.03112277714230645
0.05305835593307462,25.369650432041713,22.759030387515114,0.03759635200754485,SOXL,2020-12-01,27.896345138549805,18.03855480194092,18.278862,26.337081916675704,lr,-0.05589489283022111
0.007602156174339125,26.029638290405273,23.31150636218843,0.05305835593307462,SOXL,2020-12-02,28.108417510986328,18.06193639755249,18.040316,26.849489437176246,lr,-0.044788294229585274
0.0015089327434130162,26.543832506452286,23.819237572806223,0.007602156174339125,SOXL,2020-12-03,28.15083122253418,18.087692375183106,18.21066,27.150626892382043,lr,-0.03553018815840483
0.08323870837215952,27.33609880719866,24.351267769223167,0.0015089327434130162,SOXL,2020-12-04,30.494070053100586,18.035907859802247,18.005783,28.38985346920173,lr,-0.06900412376028185
0.013074508957681363,28.223447799682617,24.780943915957497,0.08323870837215952,SOXL,2020-12-07,30.892765045166016,18.059515476226807,17.93921,29.342240094306568,lr,-0.05019055266152253
0.012610094916830628,29.04507746015276,25.175600778488885,0.013074508957681363,SOXL,2020-12-08,31.282325744628906,18.100781574249268,18.102186,29.96526079082326,lr,-0.042102526664974105
-0.08552340998825192,29.347387041364396,25.484683082217263,0.012610094916830628,SOXL,2020-12-09,28.60695457458496,17.997666091918944,16.858677,29.762653649213725,lr,0.040399234795007226
-0.0019390886276782204,29.44097818647112,25.885833921886626,-0.08552340998825192,SOXL,2020-12-10,28.551483154296875,17.905214443206788,17.4138,29.824956300054474,lr,0.04460269678025279
-0.03451032787323305,29.363513129098074,26.135628836495535,-0.0019390886276782204,SOXL,2020-12-11,27.566162109375,17.86294624328613,16.970516,29.852304819885934,lr,0.08293293427790724
0.03766129960765552,29.428300040108816,26.476001467023575,-0.03451032787323305,SOXL,2020-12-14,28.604339599609375,17.880126781463623,17.259506,30.09884827150402,lr,0.05224762021476823
0.041700851481958345,29.328742163521902,26.835266385759628,0.03766129960765552,SOXL,2020-12-15,29.797164916992188,18.03855480194092,18.238607,30.21856955203225,lr,0.014142440605137948
-0.0022117747608930705,29.16281291416713,27.113244465419225,0.041700851481958345,SOXL,2020-12-16,29.731260299682617,18.045773487091065,18.015913,29.754232264450774,lr,0.000772653582007831
0.005355233275272653,28.963977541242325,27.426521482921782,-0.0022117747608930705,SOXL,2020-12-17,29.890478134155273,17.93123252868652,18.110937,29.312662174217316,lr,-0.0193311046194908
-0.01305482362284649,29.091593061174667,27.7447699592227,0.005355233275272653,SOXL,2020-12-18,29.500263214111328,18.052825469970703,18.134699,29.338190112717612,lr,-0.005493954417199539
-0.019686313130575117,29.144168581281388,27.98493239993141,-0.01305482362284649,SOXL,2020-12-21,28.919511795043945,17.866145629882812,17.785591,29.244481980113573,lr,0.011237056398902249
-0.0036986172082553725,29.322223935808456,28.2384584517706,-0.019686313130575117,SOXL,2020-12-22,28.812549591064453,17.89907783508301,17.742702,29.462401781677997,lr,0.02255448406464801
-0.020769989608153683,29.26647731236049,28.412869952973864,-0.0036986172082553725,SOXL,2020-12-23,28.214113235473633,17.87065906524658,18.068804,29.337255330836,lr,0.039807811288934666
0.02886666669821447,29.156676701137,28.607172557285853,-0.020769989608153683,SOXL,2020-12-24,29.028560638427734,17.880126781463623,17.784582,29.350631113271938,lr,0.011094951584263164
-0.005687636890096215,29.032704762050084,28.806321825299943,0.02886666669821447,SOXL,2020-12-28,28.86345672607422,18.031454734802246,18.003088,29.184919924958336,lr,0.011137376993162406
-0.00768762401898293,28.85428864615304,28.954447882516043,-0.005687636890096215,SOXL,2020-12-29,28.641565322875977,17.882131538391114,18.020163,28.790276081887612,lr,0.005192130993373472
0.051699974740998744,28.94315583365304,29.127378645397368,-0.00768762401898293,SOXL,2020-12-30,30.122333526611328,17.891003551483156,18.111788,29.157893870651016,lr,-0.032017428367834985
